"post-vendita",15522
"post-produzione",12751
"post-laurea",9365
"post-operatorio",9255
"post-it",6210
"post-traumatico",5010
"post-partum",4942
"post-rock",4879
"post-moderno",4517
"post-punk",4507
"post-operatoria",4501
"post-bellica",4332
"post-industriale",4182
"post-moderna",3987
"post-apocalittico",3453
"post-sisma",3273
"post-diploma",3095
"post-terremoto",3050
"post-mortem",3025
"post-dottorato",2690
"post-menopausa",2664
"post-parto",2651
"post-marketing",2472
"post-modernità",2331
"post-operatorie",2279
"post-lauream",2269
"post-doc",2257
"post-trattamento",2202
"post-partita",2178
"post-bellico",2008
"post-intervento",1997
"post-traumatica",1953
"post-verità",1937
"post-season",1917
"post-conciliare",1915
"post-allenamento",1737
"post-comunista",1632
"post-raccolta",1581
"post-gara",1553
"post-apocalittica",1524
"post-emergenza",1520
"post-trapianto",1484
"post-coloniale",1456
"post-operatori",1454
"post-prandiale",1420
"post-elettorale",1417
"post-unitaria",1386
"post-natale",1360
"post-universitaria",1323
"post-Covid",1315
"post-sovietica",1298
"post-consumo",1277
"post-hardcore",1272
"post-traumatici",1205
"post-unitario",1203
"post-sinodale",1202
"post-crisi",1133
"post-sovietico",1053
"post-traumatiche",1027
"post-universitari",962
"post-umano",959
"post-universitario",959
"post-comunisti",955
"post-concilio",920
"post-industriali",911
"post-workout",883
"post-chirurgica",882
"post-guerra",871
"post-Brexit",859
"post-processing",844
"post-elaborazione",832
"post-fordista",824
"post-conflitto",819
"post-fascista",797
"post-moderni",762
"post-chirurgico",737
"post-elettorali",729
"post-grunge",706
"post-lancio",704
"post-coloniali",699
"post-evento",665
"post-acuzie",662
"post-secondaria",661
"post-ideologica",648
"post-riforma",641
"post-esposizione",640
"post-hoc",639
"post-modernismo",637
"post-rivoluzionaria",626
"post-moderne",623
"post-ideologico",620
"post-menopausale",614
"post-Concilio",598
"post-scuola",591
"post-conciliari",576
"post-atomico",566
"post-voto",555
"post-pandemia",554
"post-metal",544
"post-chirurgiche",536
"post-bellici",530
"post-fordismo",516
"post-rivoluzionario",509
"post-impressionista",507
"post-risorgimentale",489
"post-sismica",480
"post-11",479
"post-acuta",477
"post-ictus",469
"post-esercizio",461
"post-erpetica",454
"post-minzionale",449
"post-tridentina",443
"post-secondario",443
"post-impressionismo",436
"post-sovietici",435
"post-elezioni",432
"post-fazione",432
"post-covid",424
"post-2015",420
"post-test",415
"post-apocalittici",415
"post-belliche",413
"post-lockdown",411
"post-qualifica",406
"post-installazione",401
"post-trauma",390
"post-adozione",380
"post-strutturalismo",379
"post-informazione",373
"post-democrazia",372
"post-combustione",371
"post-impressionisti",364
"post-core",363
"post-2020",359
"post-apartheid",352
"post-adolescenziale",347
"post-traduzionali",342
"post-infarto",338
"post-umana",327
"post-comunismo",322
"post-cristiana",321
"post-secolare",314
"post-fascisti",311
"post-aborto",311
"post-glaciale",305
"post-coitale",303
"post-classica",298
"post-atomica",297
"post-nucleare",294
"post-cristiano",293
"post-operazione",292
"post-ricovero",287
"post-trascrizionale",286
"post-unitari",285
"post-strutturalista",285
"post-nazionale",276
"post-Kyoto",275
"post-chirurgici",270
"post-acquisto",267
"post-operam",265
"post-apocalittiche",265
"post-colonialismo",263
"post-base",259
"post-prandiali",256
"post-medievale",255
"post-graduate",247
"post-gravidanza",245
"post-sinaptico",244
"post-dimissione",243
"post-modern",243
"post-infortunio",241
"post-incidente",241
"post-capitalista",238
"post-referendum",237
"post-rivoluzione",236
"post-operativa",236
"post-alluvione",234
"post-terapia",231
"post-biblico",231
"post-modernista",230
"post-natali",228
"post-truth",228
"post-acuti",225
"post-indipendenza",222
"post-sinaptici",222
"post-scriptum",221
"post-secondari",218
"post-dottorale",217
"post-fascismo",216
"post-fusione",212
"post-impianto",211
"post-classico",210
"post-bop",208
"post-commercializzazione",205
"post-sinaptica",205
"post-franchista",202
"post-sessantottina",202
"post-genomica",202
"post-vacanze",201
"post-corso",200
"post-politica",200
"post-rinascimentale",197
"post-lavoro",197
"post-Gheddafi",196
"post-socialista",196
"post-tridentino",195
"post-sovietiche",194
"post-pranzo",193
"post-chiusura",188
"post-razionalista",187
"post-democratica",186
"post-industrial",185
"post-mastectomia",184
"post-cena",183
"post-napoleonica",183
"post-credit",183
"post-marxista",182
"post-coronavirus",181
"post-unitarie",180
"post-depilazione",179
"post-puberale",179
"post-Crisi",178
"post-romantico",177
"post-Guerra",176
"post-trasfusionale",176
"post-Saddam",175
"post-game",174
"post-trombotica",174
"post-stampa",173
"post-pasquale",172
"post-infettiva",172
"post-adolescenza",172
"post-sbornia",172
"post-match",171
"post-vaccinazione",169
"post-COVID",165
"post-chirurgia",165
"post-Expo",164
"post-infiammatoria",164
"post-concerto",164
"post-human",161
"post-battesimale",159
"post-democratico",159
"post-carico",159
"post-natalizio",158
"post-romantica",157
"post-digitale",157
"post-ideologici",157
"post-estrattivi",156
"post-trasfusionali",155
"post-ciclo",155
"post-matrimoniale",153
"post-apocalisse",153
"post-umani",153
"post-keynesiana",151
"post-bipolare",150
"post-obbligo",147
"post-maoista",147
"post-scolastico",147
"post-PC",146
"post-reunion",146
"post-adolescenti",146
"post-infiammatorie",145
"post-1989",145
"post-black",144
"post-vaccinale",143
"post-universitarie",143
"post-pandemica",143
"post-trading",141
"post-umanesimo",140
"post-contatore",139
"post-apertura",139
"post-seconda",139
"post-keynesiani",138
"post-borghese",138
"post-catastrofe",136
"post-comuniste",136
"post-berlusconiana",134
"post-editing",133
"post-disastro",133
"post-Mubarak",133
"post-femminista",132
"post-credits",131
"post-infartuale",130
"post-rivoluzionari",130
"post-illuminista",130
"post-emergenziale",129
"post-capitalismo",129
"post-2000",129
"post-formazione",129
"post-ipnotica",128
"post-rasatura",128
"post-polio",125
"post-affido",125
"post-pandemico",125
"post-ovulatoria",124
"post-esilica",124
"post-produrre",124
"post-scolastica",124
"post-print",123
"post-tsunami",123
"post-estrattiva",123
"post-lavorazione",122
"post-nascita",121
"post-estrattivo",121
"post-1945",121
"post-metafisica",121
"post-acneiche",121
"post-riproduttiva",120
"post-dubstep",120
"post-vacanza",120
"post-tutto",119
"post-contrattuale",117
"post-capitalistica",117
"post-produzioni",116
"post-vaccinali",116
"post-keynesiano",116
"post-raccolto",115
"post-democristiani",115
"post-tesi",114
"post-acquisizione",114
"post-traduzionale",114
"post-operaismo",114
"post-natalizia",114
"post-olimpica",114
"post-femminismo",113
"post-vaccinica",113
"post-pilorica",111
"post-avanguardia",111
"post-cresima",111
"post-strutturalisti",111
"post-Covid-19",111
"post-biblica",110
"post-golpe",109
"post-metafisico",109
"post-estrazione",109
"post-sessantottino",109
"post-68",108
"post-olimpico",108
"post-adolescenziali",108
"post-riscaldamento",107
"post-cubista",107
"post-prodotto",106
"post-matrimonio",106
"post-imperiale",106
"post-datati",106
"post-liberale",106
"post-termine",105
"post-streptococcica",105
"post-iniezione",105
"post-elementare",104
"post-derby",104
"post-antica",104
"post-war",104
"post-coitali",103
"post-tensione",103
"post-volo",103
"post-romana",103
"post-2012",103
"post-sismico",102
"post-COVID-19",101
"post-acne",101
"post-freudiana",100
"post-divorzio",100
"post-operaista",99
"post-prodotte",99
"post-incendio",99
"post-pasto",99
"post-processo",98
"post-procedura",98
"post-impressioniste",97
"post-rottura",96
"post-storia",96
"post-pop",96
"post-gestione",96
"post-dottorali",96
"post-rivoluzionarie",96
"post-coniugale",96
"post-ferie",95
"post-Laurea",95
"post-umanità",95
"post-doctoral",95
"post-Berlusconi",94
"post-viaggio",94
"post-datato",94
"post-consumer",94
"post-visione",93
"post-mortale",93
"post-maturità",93
"post-razziale",92
"post-nazista",92
"post-fioritura",92
"post-approvazione",92
"post-2008",92
"post-esame",92
"post-critica",92
"post-Coronavirus",92
"post-ospedaliera",91
"post-diagnosi",91
"post-trascrizionali",90
"post-berlusconiano",90
"post-atomici",89
"post-dittatura",89
"post-sessantottini",89
"post-digital",89
"post-jugoslava",89
"post-2013",88
"post-crescita",88
"post-sessantotto",88
"post-autore",87
"post-negoziazione",87
"post-sbronza",86
"post-epilazione",86
"post-Covid19",86
"post-storica",84
"post-politico",84
"post-medievali",84
"post-factum",83
"post-antibiotica",83
"post-campionato",83
"post-post",83
"post-basale",82
"post-congressuale",82
"post-eiaculatorio",82
"post-internet",82
"post-spettacolo",82
"post-morte",81
"post-qualcosa",81
"post-penitenziaria",81
"post-storico",80
"post-napoleonico",80
"post-infettive",80
"post-fermentativa",80
"post-mercato",80
"post-anarchismo",79
"post-risorgimentali",79
"post-infartuati",79
"post-Ora",79
"post-Tangentopoli",78
"post-peeling",78
"post-acuto",78
"post-adolescente",78
"post-congress",77
"post-ictale",77
"post-pay",77
"post-prostatectomia",77
"post-Calciopoli",77
"post-glaciali",77
"post-separazione",77
"post-flebitica",76
"post-minimalista",76
"post-thrash",76
"post-sesso",76
"post-Crisis",76
"post-processamento",75
"post-esilico",75
"post-democristiano",74
"post-sincronizzazione",74
"post-democristiana",74
"post-fordiste",74
"post-garanzia",74
"post-finale",74
"post-costituzionale",74
"post-nominali",73
"post-socialisti",73
"post-cristiani",73
"post-op",73
"post-dose",72
"post-svezzamento",72
"post-berlusconismo",72
"post-Fukushima",71
"post-rilascio",71
"post-petrolio",71
"post-esilio",71
"post-capillari",71
"post-globale",71
"post-process",70
"post-fiera",70
"post-carolingia",70
"post-primarie",70
"post-pubblicazione",70
"post-freudiani",69
"post-olocausto",69
"post-Panamax",69
"post-cottura",69
"post-procedurale",69
"post-embrionale",68
"post-resistenziale",68
"post-prodotti",68
"post-processor",68
"post-mestruale",68
"post-feste",68
"post-analitica",68
"post-bariatrica",67
"post-shampoo",67
"post-gangliari",67
"post-hc",67
"post-bizantina",67
"post-occidentale",67
"post-modernisti",67
"post-apostolica",67
"post-sanatoriale",66
"post-Vietnam",66
"post-Lehman",66
"post-autorizzazione",66
"post-ideologiche",66
"post-marxismo",66
"post-ristrutturazione",66
"post-coma",66
"post-abortiva",65
"post-studio",65
"post-coito",65
"post-staliniano",65
"post-euro",65
"post-umane",65
"post-mondiale",65
"post-traumatic",64
"post-classici",64
"post-flop",64
"post-dottorandi",64
"post-liberazione",64
"post-esotismo",64
"post-progetto",64
"post-pc",64
"post-antibiotico",64
"post-acute",64
"post-basso",63
"post-stalinista",63
"post-accademica",63
"post-memoria",63
"post-globalizzazione",63
"post-jugoslavo",63
"post-crediti",63
"post-Mondiale",63
"post-atomiche",62
"post-processore",62
"post-lettura",62
"post-donazione",62
"post-quarantena",62
"post-Seconda",62
"post-tangentopoli",62
"post-primaria",62
"post-larve",62
"post-scolare",62
"post-americano",62
"post-classiche",61
"post-chemioterapia",61
"post-materialisti",61
"post-matrimoniali",61
"post-strutturaliste",61
"post-transizione",61
"post-minzione",61
"post-critico",61
"post-vittoria",60
"post-pillola",60
"post-conflittuale",60
"post-Sessantotto",60
"post-disco",60
"post-tridentini",60
"post-frontale",59
"post-production",59
"post-staliniana",59
"post-costantiniana",59
"post-umanista",59
"post-congresso",59
"post-vaccino",59
"post-puntata",59
"post-allegagione",59
"post-colecistectomia",59
"post-futurista",58
"post-freudiano",58
"post-restyling",58
"post-9/11",58
"post-unificazione",58
"post-carriera",58
"post-cura",58
"post-scolastiche",58
"post-Assad",57
"post-intermedio",57
"post-menopausali",57
"post-2011",57
"post-tonale",57
"post-adottivo",57
"post-panamax",57
"post-beat",56
"post-corsa",56
"post-fader",56
"post-nuziale",56
"post-attività",56
"post-drammatico",56
"post-ideologia",56
"post-patriarcale",56
"post-infezione",56
"post-muro",56
"post-brufolo",56
"post-Pci",56
"post-utilizzo",56
"post-mortali",56
"post-fasciste",56
"post-Vaticano",55
"post-romantici",55
"post-ipnotico",55
"post-roll",55
"post-trattamenti",55
"post-serata",55
"post-ESD",55
"post-kantiana",55
"post-macchiaioli",55
"post-virus",54
"post-cinema",54
"post-stroke",54
"post-atlantica",54
"post-dottorati",54
"post-estate",54
"post-conflict",54
"post-conferenza",54
"post-hegeliana",54
"post-concettuale",54
"post-anni",54
"post-calamità",54
"post-aggiudicazione",54
"post-costruzione",54
"post-colonial",54
"post-immersione",53
"post-romanticismo",53
"post-contemporaneo",53
"post-sforzo",53
"post-medioevale",53
"post-proiezione",53
"post-lavorativa",53
"post-scatto",53
"post-brigatismo",53
"post-marxisti",53
"post-orgasmo",52
"post-cyberpunk",52
"post-feudale",52
"post-festival",52
"post-analisi",52
"post-kantiano",52
"post-pagato",52
"post-secondarie",52
"post-sales",51
"post-porno",51
"post-positivista",51
"post-maternità",51
"post-laureati",51
"post-montaggio",51
"post-wo",51
"post-live",50
"post-romantiche",50
"post-referendaria",50
"post-attacco",50
"post-fordisti",50
"post-IMA",50
"post-renale",50
"post-indulto",50
"post-cubismo",50
"post-PCI",50
"post-titoli",50
"post-realizzazione",49
"post-elezione",49
"post-up",49
"post-invasione",49
"post-sinaptiche",49
"post-Beatles",49
"post-tridentine",49
"post-o",49
"post-hippy",49
"post-sviluppo",49
"post-RP",49
"post-scavo",49
"post-broncodilatatore",49
"post-sismici",49
"post-normale",48
"post-novecentesca",48
"post-pagamento",48
"post-romano",48
"post-stagione",48
"post-contemporanea",48
"post-registrazione",48
"post-lavaggio",48
"post-dimissioni",48
"post-erpetico",48
"post-obbligatoria",48
"post-recessione",47
"post-illuministica",47
"post-statuale",47
"post-secolarizzazione",47
"post-orbitale",47
"post-pensionamento",47
"post-hegeliano",47
"post-festività",47
"post-dimagrimento",47
"post-scarsità",47
"post-missione",47
"post-fattuale",47
"post-sinistro",46
"post-emergenziali",46
"post-novecentesco",46
"post-secolari",46
"post-democratiche",46
"post-cantiere",46
"post-calciopoli",46
"post-techno",46
"post-moderniste",46
"post-tradizionale",46
"post-jugoslavi",46
"post-market",46
"post-liposuzione",45
"post-litteram",45
"post-lesionale",45
"post-picco",45
"post-applicazione",45
"post-sionismo",45
"post-riunificazione",45
"post-erpetiche",45
"post-master",45
"post-pasquali",45
"post-epidemia",45
"post-incentivi",45
"post-wave",45
"post-fallimento",44
"post-nucleari",44
"post-deposizionali",44
"post-umanismo",44
"post-religioso",44
"post-release",44
"post-capitalistico",44
"post-scolastici",44
"post-industrializzazione",44
"post-festa",44
"post-colonialista",44
"post-programma",44
"post-incontro",44
"post-jazz",44
"post-tecnologica",44
"post-migrazione",43
"post-visita",43
"post-liceale",43
"post-prodotta",43
"post-filtro",43
"post-Sanremo",43
"post-natalizi",43
"post-sessantottesco",43
"post-anestesia",43
"post-sentenza",43
"post-uso",43
"post-money",43
"post-hippie",43
"post-tour",43
"post-trade",43
"post-ischemica",42
"post-ipnotiche",42
"post-assunzione",42
"post-consegna",42
"post-attentato",42
"post-festivo",42
"post-campagna",42
"post-caduta",42
"post-combustore",42
"post-rinascimentali",42
"post-maratona",42
"post-ovulazione",41
"post-secolarismo",41
"post-ottomana",41
"post-89",41
"post-folk",41
"post-datata",41
"post-neonatale",41
"post-specializzazione",41
"post-estiva",41
"post-doccia",41
"post-meeting",41
"post-crollo",41
"post-2010",41
"post-cristiane",41
"post-boom",41
"post-postmoderna",41
"post-sismiche",41
"post-malattia",41
"post-work",41
"post-frontali",40
"post-sterilizzazione",40
"post-elementari",40
"post-estivo",40
"post-ascellari",40
"post-maturazione",40
"post-2014",40
"post-selezione",40
"post-postmoderno",40
"post-uscita",40
"post-comatosi",40
"post-adottiva",40
"post-italiano",40
"post-freudiane",39
"post-franchismo",39
"post-metropoli",39
"post-chemio",39
"post-attivazione",39
"post-sessantottine",39
"post-materialista",39
"post-operaisti",39
"post-training",39
"post-bruciatori",39
"post-sessantottesca",39
"post-gollista",39
"post-eroica",39
"post-fermentazione",39
"post-saldatura",38
"post-fallimentare",38
"post-Malagrotta",38
"post-virale",38
"post-minimalismo",38
"post-centrale",38
"post-convenzionale",38
"post-totalitario",38
"post-talebano",38
"post-attentati",38
"post-arresto",38
"post-conflittuali",38
"post-informale",38
"post-tappa",38
"post-influenzale",38
"post-Dayton",38
"post-accoglienza",38
"post-impression",37
"post-tropicale",37
"post-conversione",37
"post-degenza",37
"post-avanguardie",37
"post-cerimonia",37
"post-contrattuali",37
"post-menarca",37
"post-lavori",37
"post-iniezioni",37
"post-accordo",37
"post-SSRI",37
"post-puntura",37
"post-commozione",37
"post-riunione",37
"post-opera",37
"post-dieta",37
"post-militare",36
"post-experience",36
"post-riabilitazione",36
"post-ricostruzione",36
"post-rave",36
"post-ipnotici",36
"post-fossile",36
"post-Katrina",36
"post-traslazionali",36
"post-radioterapia",36
"post-neoliberale",36
"post-macchiaiola",36
"post-herpetica",36
"post-riproduttivo",36
"post-bruciatore",36
"post-sionista",36
"post-macchiaiolo",36
"post-abbuffata",35
"post-tese",35
"post-implementazione",35
"post-sinodali",35
"post-censuaria",35
"post-congressuali",35
"post-nazionali",35
"post-esperienza",35
"post-socialismo",35
"post-privatizzazione",35
"post-lavorativo",35
"post-Oscar",35
"post-oncologica",35
"post-produttore",34
"post-elaborazioni",34
"post-metropolitani",34
"post-frattura",34
"post-aumento",34
"post-interventi",34
"post-show",34
"post-Rivoluzione",34
"post-Risorgimento",34
"post-Renzi",34
"post-esecuzione",34
"post-seduta",34
"post-regime",34
"post-brexit",34
"post-giudizio",34
"post-occupazione",34
"post-Cresima",34
"post-democratici",33
"post-Trump",33
"post-ceretta",33
"post-religiosa",33
"post-unità",33
"post-petrolifera",33
"post-vittoriana",33
"post-cartesiana",33
"post-distribuzione",33
"post-anossico",33
"post-E3",33
"post-massaggio",33
"post-femministe",33
"post-bizantino",33
"post-acneici",33
"post-sinistra",32
"post-rientro",32
"post-azione",32
"post-randomizzazione",32
"post-orbitali",32
"post-censuarie",32
"post-card",32
"post-2007",32
"post-party",32
"post-operati",32
"post-bizantine",32
"post-Chernobyl",32
"post-traslazionale",32
"post-sconfitta",32
"post-Vaia",31
"post-rocker",31
"post-installate",31
"post-raffreddamento",31
"post-scudetto",31
"post-liberali",31
"post-Snowden",31
"post-armistizio",31
"post-ritiro",31
"post-aristotelica",31
"post-cubiste",31
"post-sionisti",31
"post-RT",31
"post-gravidica",31
"post-ferragosto",31
"post-cristianesimo",31
"post-colorazione",31
"post-gastrectomia",31
"post-collaudo",31
"post-vendemmia",31
"post-vacation",31
"post-nominale",30
"post-ischemico",30
"post-datazione",30
"post-scissione",30
"post-operative",30
"post-curing",30
"post-graffitismo",30
"post-socialiste",30
"post-combattimento",30
"post-keynesiane",30
"post-incenerimento",30
"post-fatto",30
"post-paleolitica",30
"post-covid19",30
"post-minzionali",30
"post-craniale",30
"post-ablazione",29
"post-eliminazione",29
"post-gangliare",29
"post-riabilitativo",29
"post-processori",29
"post-pensiero",29
"post-1991",29
"post-Ben",29
"post-mediale",29
"post-televisivo",29
"post-reindirizzamento",29
"post-2001",29
"post-rapporto",29
"post-positivistica",29
"post-materialismo",29
"post-influenza",29
"post-marxiste",29
"post-fertilizzazione",29
"post-gioco",29
"post-Natale",29
"post-aggiornamento",29
"post-weberniana",29
"post-uragano",29
"post-abortive",28
"post-tesa",28
"post-1968",28
"post-avviamento",28
"post-noir",28
"post-cesareo",28
"post-free",28
"post-regata",28
"post-sanremese",28
"post-stress",28
"post-contagio",28
"post-darwiniana",28
"post-soggiorno",28
"post-ordine",28
"post-SdA",28
"post-apostolico",28
"post-patriarcato",28
"post-antico",28
"post-Bush",28
"post-modifica",28
"post-prima",28
